{"inputUnits":[63],"outputUnits":3,"inputs":{"0":{"dtype":"number","min":0.3166164755821228,"max":0.7484470009803772},"1":{"dtype":"number","min":0.2508907914161682,"max":0.7356032133102417},"2":{"dtype":"number","min":-3.177387952746358e-7,"max":5.137547987033031e-7},"3":{"dtype":"number","min":0.36909303069114685,"max":0.7100944519042969},"4":{"dtype":"number","min":0.28398966789245605,"max":0.6923704743385315},"5":{"dtype":"number","min":-0.03648386895656586,"max":-0.0017356636235490441},"6":{"dtype":"number","min":0.41191837191581726,"max":0.6876941919326782},"7":{"dtype":"number","min":0.35550305247306824,"max":0.6049759984016418},"8":{"dtype":"number","min":-0.06545449048280716,"max":-0.013761283829808235},"9":{"dtype":"number","min":0.41080787777900696,"max":0.6882380843162537},"10":{"dtype":"number","min":0.39855945110321045,"max":0.5591678619384766},"11":{"dtype":"number","min":-0.08863097429275513,"max":-0.021491488441824913},"12":{"dtype":"number","min":0.3866300880908966,"max":0.7082483172416687},"13":{"dtype":"number","min":0.3287353217601776,"max":0.5730017423629761},"14":{"dtype":"number","min":-0.10841164737939835,"max":-0.029507147148251534},"15":{"dtype":"number","min":0.41356462240219116,"max":0.7131267189979553},"16":{"dtype":"number","min":0.27411746978759766,"max":0.5370813608169556},"17":{"dtype":"number","min":-0.08804255723953247,"max":-0.007753321435302496},"18":{"dtype":"number","min":0.4191274344921112,"max":0.6999151110649109},"19":{"dtype":"number","min":0.3575892150402069,"max":0.5026441812515259},"20":{"dtype":"number","min":-0.10787542164325714,"max":-0.0197913721203804},"21":{"dtype":"number","min":0.41594719886779785,"max":0.6940909624099731},"22":{"dtype":"number","min":0.30928078293800354,"max":0.5531190633773804},"23":{"dtype":"number","min":-0.1137600690126419,"max":-0.027534978464245796},"24":{"dtype":"number","min":0.41007551550865173,"max":0.6950446963310242},"25":{"dtype":"number","min":0.2631165385246277,"max":0.5940908193588257},"26":{"dtype":"number","min":-0.12708868086338043,"max":-0.03484136611223221},"27":{"dtype":"number","min":0.3766075670719147,"max":0.7566570043563843},"28":{"dtype":"number","min":0.2629588842391968,"max":0.5863164663314819},"29":{"dtype":"number","min":-0.09564334899187088,"max":-0.010677820071578026},"30":{"dtype":"number","min":0.3860757350921631,"max":0.7407400012016296},"31":{"dtype":"number","min":0.36350321769714355,"max":0.5235873460769653},"32":{"dtype":"number","min":-0.10949896275997162,"max":-0.0378921739757061},"33":{"dtype":"number","min":0.38815709948539734,"max":0.7270869016647339},"34":{"dtype":"number","min":0.37904641032218933,"max":0.5362470149993896},"35":{"dtype":"number","min":-0.09581775218248367,"max":-0.04574264958500862},"36":{"dtype":"number","min":0.38610750436782837,"max":0.725243330001831},"37":{"dtype":"number","min":0.36932143568992615,"max":0.5797019600868225},"38":{"dtype":"number","min":-0.09830907732248306,"max":-0.043216507881879807},"39":{"dtype":"number","min":0.34097105264663696,"max":0.7900457978248596},"40":{"dtype":"number","min":0.2737501561641693,"max":0.6288235187530518},"41":{"dtype":"number","min":-0.09904786944389343,"max":-0.015535790473222733},"42":{"dtype":"number","min":0.3539983928203583,"max":0.7710824608802795},"43":{"dtype":"number","min":0.3697383403778076,"max":0.5199950337409973},"44":{"dtype":"number","min":-0.10134394466876984,"max":-0.044343557208776474},"45":{"dtype":"number","min":0.36013275384902954,"max":0.7498620748519897},"46":{"dtype":"number","min":0.37839826941490173,"max":0.5783852934837341},"47":{"dtype":"number","min":-0.0751325860619545,"max":-0.035916246473789215},"48":{"dtype":"number","min":0.35570192337036133,"max":0.7423823475837708},"49":{"dtype":"number","min":0.36119601130485535,"max":0.5993452072143555},"50":{"dtype":"number","min":-0.07262816280126572,"max":-0.026641111820936203},"51":{"dtype":"number","min":0.31057047843933105,"max":0.8127379417419434},"52":{"dtype":"number","min":0.29472753405570984,"max":0.6634781360626221},"53":{"dtype":"number","min":-0.10213570296764374,"max":-0.02188115008175373},"54":{"dtype":"number","min":0.3240339756011963,"max":0.7957940101623535},"55":{"dtype":"number","min":0.36628836393356323,"max":0.5563954710960388},"56":{"dtype":"number","min":-0.09611840546131134,"max":-0.040029674768447876},"57":{"dtype":"number","min":0.3335721492767334,"max":0.7748503684997559},"58":{"dtype":"number","min":0.3770599961280823,"max":0.5968880653381348},"59":{"dtype":"number","min":-0.07122955471277237,"max":-0.03142135590314865},"60":{"dtype":"number","min":0.3280656039714813,"max":0.7658587694168091},"61":{"dtype":"number","min":0.36456817388534546,"max":0.6062043309211731},"62":{"dtype":"number","min":-0.0660487562417984,"max":-0.020014837384223938}},"outputs":{"label":{"dtype":"string","min":0,"max":1,"uniqueValues":["up","like","down"],"legend":{"up":[1,0,0],"like":[0,1,0],"down":[0,0,1]}}},"isNormalized":true}